{"cameraMode":{"drawMode":0,"name":"Shaded","section":"Shading Mode"},"sceneLighting":true,"audioPlay":false,"sceneViewState":{"showFog":true,"showMaterialUpdate":false,"showSkybox":true,"showFlares":true,"showImageEffects":true,"showParticleSystems":true},"in2DMode":false,"pivot":{"x":113.03501892089844,"y":168.17831420898438,"z":-453.94525146484377},"rotation":{"x":0.013123849406838417,"y":-0.09973050653934479,"z":-0.0013190170284360648,"w":-0.9949370622634888},"size":4.748298645019531,"orthographic":false}